Data do Pedido,Categoria,Vendas,Quantidade
2023-01-01,Alimentação,434,5
2023-01-02,Brinquedos,497,2
2023-01-03,Eletrônicos,317,8
2023-01-04,Alimentação,118,4
2023-01-05,Alimentação,282,9
2023-01-06,Brinquedos,271,5
2023-01-07,Eletrônicos,163,9
2023-01-08,Eletrônicos,365,4
2023-01-09,Alimentação,131,5
2023-01-10,Roupas,79,9
2023-01-11,Alimentação,388,8
2023-01-12,Alimentação,21,3
2023-01-13,Alimentação,404,1
2023-01-14,Alimentação,323,3
2023-01-15,Brinquedos,273,4
2023-01-16,Eletrônicos,159,2
2023-01-17,Brinquedos,472,1
2023-01-18,Brinquedos,56,7
2023-01-19,Brinquedos,179,8
2023-01-20,Alimentação,28,7
2023-01-21,Roupas,252,5
2023-01-22,Eletrônicos,118,1
2023-01-23,Roupas,166,7
2023-01-24,Brinquedos,323,7
2023-01-25,Brinquedos,227,9
2023-01-26,Roupas,150,3
2023-01-27,Roupas,423,9
2023-01-28,Roupas,171,1
2023-01-29,Brinquedos,73,1
2023-01-30,Brinquedos,139,4
2023-01-31,Eletrônicos,180,9
2023-02-01,Eletrônicos,427,6
2023-02-02,Brinquedos,135,3
2023-02-03,Roupas,94,1
2023-02-04,Roupas,132,4
2023-02-05,Eletrônicos,475,9
2023-02-06,Brinquedos,439,3
2023-02-07,Eletrônicos,441,9
2023-02-08,Eletrônicos,123,7
2023-02-09,Alimentação,359,4
2023-02-10,Alimentação,273,3
2023-02-11,Alimentação,246,5
2023-02-12,Roupas,131,5
2023-02-13,Brinquedos,492,3
2023-02-14,Brinquedos,118,9
2023-02-15,Brinquedos,172,4
2023-02-16,Brinquedos,368,5
2023-02-17,Alimentação,421,4
2023-02-18,Roupas,403,5
2023-02-19,Roupas,385,7
2023-02-20,Alimentação,357,9
2023-02-21,Roupas,213,7
2023-02-22,Alimentação,329,5
2023-02-23,Brinquedos,182,7
2023-02-24,Alimentação,227,5
2023-02-25,Brinquedos,464,3
2023-02-26,Brinquedos,188,7
2023-02-27,Eletrônicos,180,2
2023-02-28,Alimentação,87,9
2023-03-01,Eletrônicos,308,1
2023-03-02,Alimentação,417,6
2023-03-03,Alimentação,296,7
2023-03-04,Eletrônicos,323,8
2023-03-05,Eletrônicos,423,9
2023-03-06,Alimentação,403,2
2023-03-07,Roupas,411,2
2023-03-08,Brinquedos,154,5
2023-03-09,Eletrônicos,214,5
2023-03-10,Brinquedos,420,6
2023-03-11,Roupas,147,3
2023-03-12,Roupas,52,8
2023-03-13,Roupas,195,1
2023-03-14,Eletrônicos,479,6
2023-03-15,Roupas,462,4
2023-03-16,Eletrônicos,390,1
2023-03-17,Roupas,489,7
2023-03-18,Brinquedos,394,9
2023-03-19,Brinquedos,41,4
2023-03-20,Alimentação,257,4
2023-03-21,Brinquedos,177,6
2023-03-22,Alimentação,57,3
2023-03-23,Brinquedos,249,6
2023-03-24,Eletrônicos,384,7
2023-03-25,Brinquedos,70,3
2023-03-26,Alimentação,457,7
2023-03-27,Alimentação,283,3
2023-03-28,Roupas,302,2
2023-03-29,Eletrônicos,46,4
2023-03-30,Brinquedos,245,8
2023-03-31,Roupas,296,9
2023-04-01,Brinquedos,305,7
2023-04-02,Brinquedos,116,1
2023-04-03,Roupas,303,3
2023-04-04,Roupas,386,9
2023-04-05,Roupas,467,1
2023-04-06,Roupas,472,9
2023-04-07,Roupas,336,8
2023-04-08,Brinquedos,323,1
2023-04-09,Roupas,166,6
2023-04-10,Eletrônicos,23,5
2023-04-11,Alimentação,54,6
2023-04-12,Roupas,211,5
2023-04-13,Roupas,68,6
2023-04-14,Brinquedos,36,5
2023-04-15,Roupas,191,5
2023-04-16,Roupas,239,4
2023-04-17,Roupas,177,3
2023-04-18,Brinquedos,496,3
2023-04-19,Roupas,65,4
2023-04-20,Alimentação,392,9
2023-04-21,Brinquedos,25,2
2023-04-22,Alimentação,118,9
2023-04-23,Brinquedos,399,1
2023-04-24,Roupas,252,1
2023-04-25,Alimentação,56,5
2023-04-26,Brinquedos,299,6
2023-04-27,Eletrônicos,368,6
2023-04-28,Roupas,321,3
2023-04-29,Brinquedos,200,7
2023-04-30,Eletrônicos,114,9
2023-05-01,Brinquedos,118,8
2023-05-02,Eletrônicos,207,6
2023-05-03,Roupas,135,8
2023-05-04,Alimentação,210,5
2023-05-05,Eletrônicos,272,8
2023-05-06,Brinquedos,488,4
2023-05-07,Roupas,435,8
2023-05-08,Eletrônicos,490,2
2023-05-09,Brinquedos,180,5
2023-05-10,Brinquedos,275,9
2023-05-11,Brinquedos,342,4
2023-05-12,Eletrônicos,147,6
2023-05-13,Eletrônicos,37,1
2023-05-14,Eletrônicos,300,9
2023-05-15,Alimentação,242,1
2023-05-16,Eletrônicos,73,5
2023-05-17,Eletrônicos,77,4
2023-05-18,Eletrônicos,342,3
2023-05-19,Alimentação,379,6
2023-05-20,Eletrônicos,193,2
2023-05-21,Brinquedos,299,3
2023-05-22,Eletrônicos,133,5
2023-05-23,Brinquedos,307,9
2023-05-24,Brinquedos,450,2
2023-05-25,Brinquedos,361,8
2023-05-26,Alimentação,170,2
2023-05-27,Alimentação,469,5
2023-05-28,Alimentação,146,7
2023-05-29,Eletrônicos,174,8
2023-05-30,Brinquedos,405,1
2023-05-31,Alimentação,493,6
2023-06-01,Alimentação,292,1
2023-06-02,Eletrônicos,123,2
2023-06-03,Alimentação,436,1
2023-06-04,Eletrônicos,412,5
2023-06-05,Roupas,318,9
2023-06-06,Alimentação,265,6
2023-06-07,Roupas,195,1
2023-06-08,Eletrônicos,58,1
2023-06-09,Brinquedos,496,2
2023-06-10,Alimentação,189,9
2023-06-11,Eletrônicos,266,3
2023-06-12,Brinquedos,45,1
2023-06-13,Brinquedos,374,5
2023-06-14,Roupas,325,7
2023-06-15,Eletrônicos,428,6
2023-06-16,Brinquedos,427,1
2023-06-17,Alimentação,32,5
2023-06-18,Alimentação,335,5
2023-06-19,Roupas,410,6
2023-06-20,Brinquedos,332,3
2023-06-21,Eletrônicos,55,5
2023-06-22,Alimentação,192,7
2023-06-23,Brinquedos,39,5
2023-06-24,Brinquedos,340,5
2023-06-25,Roupas,283,5
2023-06-26,Alimentação,419,3
2023-06-27,Alimentação,161,1
2023-06-28,Eletrônicos,479,5
2023-06-29,Alimentação,390,9
2023-06-30,Eletrônicos,490,1
2023-07-01,Alimentação,162,3
2023-07-02,Roupas,111,4
2023-07-03,Alimentação,373,1
2023-07-04,Eletrônicos,341,1
2023-07-05,Eletrônicos,307,8
2023-07-06,Roupas,234,2
2023-07-07,Alimentação,466,8
2023-07-08,Alimentação,361,7
2023-07-09,Roupas,70,2
2023-07-10,Alimentação,172,6
2023-07-11,Alimentação,205,6
2023-07-12,Eletrônicos,82,3
2023-07-13,Alimentação,209,2
2023-07-14,Alimentação,144,1
2023-07-15,Roupas,169,6
2023-07-16,Roupas,333,5
2023-07-17,Brinquedos,77,9
2023-07-18,Eletrônicos,361,1
2023-07-19,Alimentação,324,7
2023-07-20,Alimentação,199,5
2023-07-21,Brinquedos,189,5
2023-07-22,Alimentação,345,2
2023-07-23,Eletrônicos,290,3
2023-07-24,Brinquedos,73,7
2023-07-25,Eletrônicos,463,6
2023-07-26,Brinquedos,120,2
2023-07-27,Brinquedos,283,6
2023-07-28,Roupas,72,2
2023-07-29,Eletrônicos,79,2
2023-07-30,Alimentação,127,2
2023-07-31,Alimentação,24,3
2023-08-01,Eletrônicos,122,2
2023-08-02,Alimentação,215,4
2023-08-03,Alimentação,281,9
2023-08-04,Eletrônicos,384,6
2023-08-05,Brinquedos,499,1
2023-08-06,Eletrônicos,391,8
2023-08-07,Brinquedos,369,7
2023-08-08,Alimentação,66,3
2023-08-09,Alimentação,374,1
2023-08-10,Alimentação,330,5
2023-08-11,Roupas,443,4
2023-08-12,Brinquedos,327,8
2023-08-13,Roupas,163,1
2023-08-14,Roupas,288,1
2023-08-15,Eletrônicos,389,4
2023-08-16,Roupas,143,8
2023-08-17,Eletrônicos,125,5
2023-08-18,Eletrônicos,177,2
2023-08-19,Roupas,166,6
2023-08-20,Brinquedos,164,5
2023-08-21,Brinquedos,139,2
2023-08-22,Brinquedos,338,3
2023-08-23,Brinquedos,294,9
2023-08-24,Brinquedos,111,7
2023-08-25,Roupas,77,7
2023-08-26,Roupas,458,6
2023-08-27,Alimentação,365,8
2023-08-28,Brinquedos,248,4
2023-08-29,Roupas,493,8
2023-08-30,Alimentação,136,4
2023-08-31,Brinquedos,337,8
2023-09-01,Eletrônicos,298,9
2023-09-02,Alimentação,146,3
2023-09-03,Roupas,412,3
2023-09-04,Eletrônicos,415,2
2023-09-05,Eletrônicos,148,3
2023-09-06,Eletrônicos,77,3
2023-09-07,Alimentação,141,5
2023-09-08,Roupas,20,5
2023-09-09,Eletrônicos,258,2
2023-09-10,Brinquedos,309,6
2023-09-11,Eletrônicos,115,5
2023-09-12,Eletrônicos,145,6
2023-09-13,Alimentação,137,1
2023-09-14,Alimentação,67,5
2023-09-15,Roupas,108,9
2023-09-16,Brinquedos,256,2
2023-09-17,Alimentação,392,1
2023-09-18,Eletrônicos,404,9
2023-09-19,Roupas,291,9
2023-09-20,Eletrônicos,208,9
2023-09-21,Eletrônicos,211,6
2023-09-22,Alimentação,466,8
2023-09-23,Roupas,88,1
2023-09-24,Brinquedos,297,4
2023-09-25,Brinquedos,368,1
2023-09-26,Alimentação,266,8
2023-09-27,Alimentação,470,1
2023-09-28,Roupas,95,3
2023-09-29,Brinquedos,173,4
2023-09-30,Brinquedos,163,8
2023-10-01,Brinquedos,454,6
2023-10-02,Eletrônicos,105,7
2023-10-03,Brinquedos,204,8
2023-10-04,Eletrônicos,304,2
2023-10-05,Roupas,481,8
2023-10-06,Eletrônicos,239,3
2023-10-07,Roupas,88,7
2023-10-08,Brinquedos,66,3
2023-10-09,Brinquedos,113,7
2023-10-10,Roupas,257,2
2023-10-11,Alimentação,465,6
2023-10-12,Roupas,472,3
2023-10-13,Alimentação,223,3
2023-10-14,Eletrônicos,419,9
2023-10-15,Eletrônicos,237,7
2023-10-16,Eletrônicos,493,5
2023-10-17,Brinquedos,451,7
2023-10-18,Eletrônicos,360,9
2023-10-19,Alimentação,58,1
2023-10-20,Eletrônicos,119,7
2023-10-21,Roupas,308,6
2023-10-22,Roupas,273,9
2023-10-23,Brinquedos,241,1
2023-10-24,Roupas,376,4
2023-10-25,Alimentação,42,9
2023-10-26,Eletrônicos,269,4
2023-10-27,Brinquedos,29,3
2023-10-28,Eletrônicos,265,9
2023-10-29,Eletrônicos,344,2
2023-10-30,Alimentação,119,4
2023-10-31,Roupas,309,6
2023-11-01,Roupas,199,2
2023-11-02,Eletrônicos,242,8
2023-11-03,Brinquedos,413,8
2023-11-04,Roupas,269,1
2023-11-05,Brinquedos,166,3
2023-11-06,Roupas,461,9
2023-11-07,Brinquedos,115,5
2023-11-08,Alimentação,276,6
2023-11-09,Brinquedos,344,4
2023-11-10,Alimentação,23,2
2023-11-11,Alimentação,35,8
2023-11-12,Brinquedos,299,6
2023-11-13,Alimentação,355,5
2023-11-14,Eletrônicos,266,9
2023-11-15,Alimentação,277,1
2023-11-16,Roupas,495,5
2023-11-17,Brinquedos,403,6
2023-11-18,Eletrônicos,179,5
2023-11-19,Brinquedos,494,6
2023-11-20,Roupas,359,6
2023-11-21,Roupas,171,7
2023-11-22,Roupas,415,4
2023-11-23,Alimentação,197,8
2023-11-24,Alimentação,182,7
2023-11-25,Brinquedos,399,9
2023-11-26,Brinquedos,52,7
2023-11-27,Eletrônicos,436,3
2023-11-28,Eletrônicos,464,3
2023-11-29,Brinquedos,198,8
2023-11-30,Alimentação,446,5
2023-12-01,Roupas,120,4
2023-12-02,Brinquedos,287,8
2023-12-03,Eletrônicos,342,6
2023-12-04,Alimentação,84,2
2023-12-05,Brinquedos,436,4
2023-12-06,Brinquedos,187,4
2023-12-07,Alimentação,349,6
2023-12-08,Brinquedos,62,6
2023-12-09,Alimentação,63,1
2023-12-10,Roupas,304,8
2023-12-11,Alimentação,416,6
2023-12-12,Alimentação,31,3
2023-12-13,Alimentação,114,9
2023-12-14,Brinquedos,321,2
2023-12-15,Brinquedos,405,8
2023-12-16,Alimentação,272,3
2023-12-17,Brinquedos,261,5
2023-12-18,Eletrônicos,54,6
2023-12-19,Eletrônicos,234,6
2023-12-20,Brinquedos,356,4
2023-12-21,Brinquedos,109,3
2023-12-22,Alimentação,283,4
2023-12-23,Roupas,112,1
2023-12-24,Brinquedos,429,4
2023-12-25,Eletrônicos,477,1
2023-12-26,Alimentação,109,1
2023-12-27,Brinquedos,437,6
2023-12-28,Eletrônicos,134,5
2023-12-29,Eletrônicos,124,4
2023-12-30,Roupas,410,3
2023-12-31,Alimentação,215,1
